Workbook

Sheet Tes
A1: ID | B1: Bagian | C1: Langkah | D1: Cara / yang harus kejadian | E1: Status | F1: Catatan (kalau Bug: apa, di mana, jam berapa)
A2: 01 | B2: Siapin (sebelum keluar) | C2: HP dicas ≥80% | D2: Powerbank + kabel dibawa kalau jalannya lama | E2: Belum
A3: 02 | B3: Siapin (sebelum keluar) | C3: Bikin GPX rute jalan kaki | D3: gpx.studio → mode Jalan kaki → muter blok deket rumah 1–2 km, start = finish di depan rumah. Download, simpen di HP | E3: Belum
A4: 03 | B4: Siapin (sebelum keluar) | C4: Lokasi HP: Akurasi tinggi | D4: Setelan → Lokasi → Akurasi lokasi Google nyala | E4: Belum
A5: 04 | B5: Siapin (sebelum keluar) | C5: Hemat baterai mati | D5: Chrome dikecualiin dari optimasi baterai | E5: Belum
A6: 05 | B6: Siapin (sebelum keluar) | C6: Pembanding nyala | D6: Opsional: Strava (mode Jalan) atau Google Fit jalan bareng | E6: Belum
A7: 06 | B7: Siapin (sebelum keluar) | C7: Aman di jalan | D7: Malem: lewat trotoar yang terang, jangan ngeliatin HP pas nyebrang | E7: Belum
A8: A1 | B8: Akun baru (di rumah, ±5 mnt) | C8: Buka link + install ke layar utama | D8: Chrome → ⋮ → Tambahkan ke layar utama. Abis itu buka dari ikon, bukan dari Chrome | E8: Belum
A9: A2 | B9: Akun baru (di rumah, ±5 mnt) | C9: Daftar dari awal sampe Beranda | D9: Isi email lo, kode OTP demo: 123456. Isi nama + sepeda | E9: Belum
A10: A3 | B10: Akun baru (di rumah, ±5 mnt) | C10: Beranda kosong | D10: Feed sepi, story cuma "Lo", nggak ada Saipul/Juleha/Goy | E10: Belum
A11: A4 | B11: Akun baru (di rumah, ±5 mnt) | C11: Profil kosong | D11: Nama & huruf avatar = nama lo, 0 gowesan, lencana belum kebuka | E11: Belum
A12: A5 | B12: Akun baru (di rumah, ±5 mnt) | C12: Tab Jelajah, Rombongan, Notif kosong | D12: Semua nunjukin layar kosong, bukan data contoh | E12: Belum
A13: B1 | B13: Siapin rute (di rumah) | C13: Mulai tanpa rute → diblok | D13: Tombol Gowes tengah → Gowes sendiri → langsung tekan Mulai. Harus ada pesan "Pilih rute dulu" | E13: Belum
... A46: H3 | B46: Catetan umum | C46: Hal lain yang aneh | D46: Tampilan kepotong, tombol nggak bisa dipencet, teks aneh, dll. | E46: Belum

Sheet Ringkasan
A1: Tes jalan kaki · Bulakbalik CYC
A2: Jumat malem, 16 Okt 2026 · jalan kaki muter rumah pakai GPS HP · link: https://yoga-bot23.github.io/bulakbalik-cyc-proto/
A4: Cara isi
A5: 1. Buka sheet "Tes". Yang diisi cuma kolom Status (kuning, pilih dari dropdown) dan Catatan.
A6: 2. Status: OK = jalan sesuai · Bug = ada yang aneh (wajib tulis catatan) · Skip = nggak dites · Belum = default.
A7: 3. Contoh catatan Bug: "Titik loncat ke jalan sebelah ±30 m, di pertigaan deket masjid, 20.15".
A8: 4. Kode OTP demo: 123456. Abis selesai, kirim file ini ke Claude.
A10: Bagian | B10: Total | C10: OK | D10: Bug | E10: Skip | F10: Belum
A11: Siapin (sebelum keluar) | B11: =COUNTIF(Tes!$B$2:$B$46,"Siapin (sebelum keluar)") | C11: =COUNTIFS(Tes!$B$2:$B$46,"Siapin (sebelum keluar)",Tes!$E$2:$E$46,"OK") | D11: =COUNTIFS(Tes!$B$2:$B$46,"Siapin (sebelum keluar)",Tes!$E$2:$E$46,"Bug") | E11: =COUNTIFS(Tes!$B$2:$B$46,"Siapin (sebelum keluar)",Tes!$E$2:$E$46,"Skip") | F11: =COUNTIFS(Tes!$B$2:$B$46,"Siapin (sebelum keluar)",Tes!$E$2:$E$46,"Belum")
A12: Akun baru (di rumah, ±5 mnt) | B12: =COUNTIF(Tes!$B$2:$B$46,"Akun baru (di rumah, ±5 mnt)") | C12: =COUNTIFS(Tes!$B$2:$B$46,"Akun baru (di rumah, ±5 mnt)",Tes!$E$2:$E$46,"OK") | D12: =COUNTIFS(Tes!$B$2:$B$46,"Akun baru (di rumah, ±5 mnt)",Tes!$E$2:$E$46,"Bug") | E12: =COUNTIFS(Tes!$B$2:$B$46,"Akun baru (di rumah, ±5 mnt)",Tes!$E$2:$E$46,"Skip") | F12: =COUNTIFS(Tes!$B$2:$B$46,"Akun baru (di rumah, ±5 mnt)",Tes!$E$2:$E$46,"Belum")
A13: Siapin rute (di rumah) | B13: =COUNTIF(Tes!$B$2:$B$46,"Siapin rute (di rumah)") | C13: =COUNTIFS(Tes!$B$2:$B$46,"Siapin rute (di rumah)",Tes!$E$2:$E$46,"OK") | D13: =COUNTIFS(Tes!$B$2:$B$46,"Siapin rute (di rumah)",Tes!$E$2:$E$46,"Bug") | E13: =COUNTIFS(Tes!$B$2:$B$46,"Siapin rute (di rumah)",Tes!$E$2:$E$46,"Skip") | F13: =COUNTIFS(Tes!$B$2:$B$46,"Siapin rute (di rumah)",Tes!$E$2:$E$46,"Belum")
A14: Start (di depan rumah) | B14: =COUNTIF(Tes!$B$2:$B$46,"Start (di depan rumah)") | C14: =COUNTIFS(Tes!$B$2:$B$46,"Start (di depan rumah)",Tes!$E$2:$E$46,"OK") | D14: =COUNTIFS(Tes!$B$2:$B$46,"Start (di depan rumah)",Tes!$E$2:$E$46,"Bug") | E14: =COUNTIFS(Tes!$B$2:$B$46,"Start (di depan rumah)",Tes!$E$2:$E$46,"Skip") | F14: =COUNTIFS(Tes!$B$2:$B$46,"Start (di depan rumah)",Tes!$E$2:$E$46,"Belum")
A15: Selama jalan (±15–25 mnt) | B15: =COUNTIF(Tes!$B$2:$B$46,"Selama jalan (±15–25 mnt)") | C15: =COUNTIFS(Tes!$B$2:$B$46,"Selama jalan (±15–25 mnt)",Tes!$E$2:$E$46,"OK") | D15: =COUNTIFS(Tes!$B$2:$B$46,"Selama jalan (±15–25 mnt)",Tes!$E$2:$E$46,"Bug") | E15: =COUNTIFS(Tes!$B$2:$B$46,"Selama jalan (±15–25 mnt)",Tes!$E$2:$E$46,"Skip") | F15: =COUNTIFS(Tes!$B$2:$B$46,"Selama jalan (±15–25 mnt)",Tes!$E$2:$E$46,"Belum")
A16: Rekaman kepotong | B16: =COUNTIF(Tes!$B$2:$B$46,"Rekaman kepotong") | C16: =COUNTIFS(Tes!$B$2:$B$46,"Rekaman kepotong",Tes!$E$2:$E$46,"OK") | D16: =COUNTIFS(Tes!$B$2:$B$46,"Rekaman kepotong",Tes!$E$2:$E$46,"Bug") | E16: =COUNTIFS(Tes!$B$2:$B$46,"Rekaman kepotong",Tes!$E$2:$E$46,"Skip") | F16: =COUNTIFS(Tes!$B$2:$B$46,"Rekaman kepotong",Tes!$E$2:$E$46,"Belum")
A17: Abis selesai (di rumah) | B17: =COUNTIF(Tes!$B$2:$B$46,"Abis selesai (di rumah)") | C17: =COUNTIFS(Tes!$B$2:$B$46,"Abis selesai (di rumah)",Tes!$E$2:$E$46,"OK") | D17: =COUNTIFS(Tes!$B$2:$B$46,"Abis selesai (di rumah)",Tes!$E$2:$E$46,"Bug") | E17: =COUNTIFS(Tes!$B$2:$B$46,"Abis selesai (di rumah)",Tes!$E$2:$E$46,"Skip") | F17: =COUNTIFS(Tes!$B$2:$B$46,"Abis selesai (di rumah)",Tes!$E$2:$E$46,"Belum")
A18: Rombongan (di rumah, tanpa temen) | B18: =COUNTIF(Tes!$B$2:$B$46,"Rombongan (di rumah, tanpa temen)") | C18: =COUNTIFS(Tes!$B$2:$B$46,"Rombongan (di rumah, tanpa temen)",Tes!$E$2:$E$46,"OK") | D18: =COUNTIFS(Tes!$B$2:$B$46,"Rombongan (di rumah, tanpa temen)",Tes!$E$2:$E$46,"Bug") | E18: =COUNTIFS(Tes!$B$2:$B$46,"Rombongan (di rumah, tanpa temen)",Tes!$E$2:$E$46,"Skip") | F18: =COUNTIFS(Tes!$B$2:$B$46,"Rombongan (di rumah, tanpa temen)",Tes!$E$2:$E$46,"Belum")
A19: Catetan umum | B19: =COUNTIF(Tes!$B$2:$B$46,"Catetan umum") | C19: =COUNTIFS(Tes!$B$2:$B$46,"Catetan umum",Tes!$E$2:$E$46,"OK") | D19: =COUNTIFS(Tes!$B$2:$B$46,"Catetan umum",Tes!$E$2:$E$46,"Bug") | E19: =COUNTIFS(Tes!$B$2:$B$46,"Catetan umum",Tes!$E$2:$E$46,"Skip") | F19: =COUNTIFS(Tes!$B$2:$B$46,"Catetan umum",Tes!$E$2:$E$46,"Belum")
A20: Total | B20: =SUM(B11:B19) | C20: =SUM(C11:C19) | D20: =SUM(D11:D19) | E20: =SUM(E11:E19) | F20: =SUM(F11:F19)
A22: Progres (yang udah dicek) | B22: =IF(B20=0,0,(C20+D20+E20)/B20)
A24: Catatan angka (isi manual)
A25: Jarak di app (km)
A26: Jarak di Strava/Fit (km)
A27: Baterai pas mulai (%)
A28: Baterai pas selesai (%)
A29: Durasi total (menit)
A30: Selisih jarak app vs pembanding | B30: =IF(OR(B25="",B26="",B26=0),"",B25/B26-1)
